# Name,   Type, SubType, Offset,  Size, Flags
# One app slot plus a small recovery app (docs/REQUIREMENTS.md R2,
# docs/VARIANT-ESP32-S3-SUPERMINI.md 2026-09-27). Replaced two 1.875 MB OTA
# slots, which kept a full spare copy of the app. An update restarts into
# `factory` (firmware/src/recovery, 716 KB when laid out), which writes app0; a
# bad or cut-off update lands back in recovery, never in a half-written app.
# app0 is 3,080,192 bytes. The app flashes over USB at 0xE0000
# (board_upload.offset_address in platformio.ini), recovery at 0x10000.
# The filesystem stays 128 KB: only WebDataWidget's image cache uses it.
nvs,      data, nvs,     0x9000,  0x5000,
otadata,  data, ota,     0xe000,  0x2000,
factory,  app,  factory, 0x10000, 0xD0000,
app0,     app,  ota_0,   0xE0000, 0x2F0000,
spiffs,   data, spiffs,  0x3D0000,0x20000,
coredump, data, coredump,0x3F0000,0x10000,
